time,temp
1727810272.684401,29.9
1727810272.7998078,29.9
1727810272.958451,29.4
1727810273.0719554,23.5
1727810273.2358685,23.5
1727810273.3928514,31.1
1727810273.5053325,31.1
1727810273.6727502,29.5
1727810273.8311055,29.5
1727810273.987288,31.2
1727810274.1007292,25.3
1727810274.2532306,25.3
1727810274.4109623,33.2
1727810274.5685475,33.2
1727810274.724898,36.3
1727810274.8372145,28.2
1727810275.0050533,28.2
1727810275.1179748,32.6
1727810275.2304196,32.6
1727810275.3453236,33.6
1727810275.5048425,33.6
1727810275.6158519,34.3
1727810275.7311957,34.3
1727810275.848805,28.9
1727810276.008162,28.9
1727810276.1641278,29.0
1727810276.279129,29.0
1727810276.3939536,33.3
1727810276.5538373,33.3
1727810276.669682,30.7
1727810276.833638,30.7
1727810276.988723,29.0
1727810277.2078347,33.3
1727810277.408213,28.7
1727810277.5490036,28.7
1727810277.736774,31.1
1727810277.8707526,27.5
1727810278.064923,27.5
1727810278.2361226,34.6
1727810278.348134,32.2
1727810278.4588385,32.2
1727810278.619946,28.3
1727810278.8032982,28.3
1727810278.9635684,32.4
1727810279.158193,34.4
1727810279.3614807,34.4
1727810279.6706936,31.3
1727810279.8682775,31.3
1727810280.1636066,36.9
1727810280.3493233,36.9
1727810280.552141,30.5
1727810280.7390735,33.3
1727810280.9580376,34.8
1727810281.1765373,30.9
1727810281.3946183,30.9
1727810281.6447728,30.8
1727810281.9091027,31.2
1727810282.1611602,31.5
1727810282.2738483,31.5
1727810282.429836,35.9
1727810282.5417917,35.9
1727810282.708573,32.2
1727810282.8661559,32.4
1727810282.9802983,32.4
1727810283.1450047,30.8
1727810283.304768,30.8
1727810283.4599686,31.1
1727810283.5719478,30.9
1727810283.689843,30.9
1727810283.806939,30.9
1727810283.9754596,31.6
1727810284.093581,24.1
1727810284.2543392,24.1
1727810284.3717928,36.1
1727810284.5361717,36.1
1727810284.6518369,28.0
1727810284.8163352,28.0
1727810284.9734745,33.1
1727810285.089385,29.9
1727810285.2062624,29.9
1727810285.321405,35.2
1727810285.4906342,35.2
1727810285.6471035,28.6
1727810285.7592545,28.6
1727810285.913802,29.5
1727810286.024475,29.5
1727810286.1820803,30.1
1727810286.4927592,33.5
1727810286.6034634,34.9
1727810286.8857076,29.3
1727810287.0472763,29.3
1727810287.2068498,29.1
1727810287.3973677,34.7
1727810287.517019,34.7
1727810287.7296362,31.6
1727810287.9918487,31.3
1727810288.1928685,32.8
1727810288.380462,32.4
1727810288.4921336,32.4
1727810288.6477776,30.9
1727810288.7600615,30.9
1727810288.9266672,28.7
1727810289.0850003,28.7
1727810289.1957917,35.1
1727810289.352301,35.1
1727810289.4684968,31.6
1727810289.6324682,29.9
1727810289.7897527,29.9
1727810289.905143,30.6
1727810290.0217934,30.6
1727810290.1836567,27.8
1727810290.3395934,27.8
1727810290.4977245,31.8
1727810290.6107125,32.3
1727810290.725254,32.3
1727810290.889706,34.8
1727810292.9007814,23.5
1727810293.0147204,23.5
1727810293.1700418,27.0
1727810293.3273685,27.0
1727810293.4835792,26.7
1727810293.5995035,28.3
1727810293.712255,28.3
1727810293.8280864,24.1
1727810293.984221,24.1
1727810294.140565,29.1
1727810294.298072,29.1
1727810294.414331,25.8
1727810294.5799875,25.8
1727810294.694748,27.4
1727810294.8596056,27.4
1727810294.97591,29.8
1727810295.0895634,31.0
1727810295.2056663,31.0
1727810295.4362297,28.5
1727810295.5542135,28.5
1727810295.7159917,31.0
1727810295.833291,27.6
1727810295.9965196,27.6
1727810296.1137543,27.3
1727810296.2743561,27.3
1727810296.4465408,29.6
1727810296.6174984,29.6
1727810296.7336621,26.0
1727810296.896416,22.5
1727810297.0678205,22.5
1727810297.1844141,30.4
1727810297.301191,30.4
1727810297.4167068,32.7
1727810297.5326703,32.7
1727810297.6501737,29.4
1727810297.766464,29.4
1727810297.8829923,26.2
1727810297.999635,26.2
1727810298.1161995,27.2
1727810298.2306068,27.2
1727810298.3461344,27.9
1727810298.503354,27.9
1727810298.6609402,27.6
1727810298.7779255,27.6
1727810298.8957438,27.1
1727810299.0118518,27.1
1727810299.1850624,27.9
1727810299.2975914,27.9
1727810299.4549801,28.3
1727810299.5717216,29.0
1727810299.6863873,29.0
1727810299.8011267,29.0
1727810299.9143517,31.1
1727810300.0272117,31.1
1727810300.1944473,27.4
1727810300.350677,27.4
1727810300.5075343,23.9
1727810300.6206694,28.4
1727810300.7908714,28.4
1727810300.9467118,23.8
1727810301.1029525,23.8
1727810301.2598877,28.3
1727810301.4166448,27.8
1727810301.5303564,27.8
1727810301.643289,29.8
1727810301.8092852,29.8
1727810301.9219668,30.4
1727810302.034165,30.4
1727810302.1887732,25.1
1727810302.3004527,25.1
1727810302.4571567,30.6
1727810302.6167727,26.1
1727810302.7293642,26.1
1727810302.8839312,28.3
1727810303.041825,28.3
1727810303.2004013,28.1
1727810303.3120804,28.0
1727810303.4252183,28.0
1727810303.5368621,28.0
1727810303.7048805,28.6
1727810303.8218758,29.0
1727810303.9858568,29.0
1727810304.1412137,23.2
1727810304.2567115,23.2
1727810304.3733208,31.2
1727810304.4895308,31.2
1727810304.6498113,27.6
1727810304.761607,27.6
1727810304.9164,26.0
1727810305.0317495,26.0
1727810305.1976254,26.5
1727810305.3147361,28.1
1727810305.4758894,28.1
1727810305.5920668,24.8
1727810305.7591693,24.8
1727810305.8763635,29.3
1727810305.9918215,29.3
1727810306.1517217,25.6
1727810306.3132596,25.6
1727810306.484737,29.5
1727810306.6006293,27.6
1727810306.7175863,27.6
1727810306.8797328,26.5
1727810306.994283,26.5
1727810307.106581,27.7
1727810307.2596989,27.7
1727810307.3752563,29.7
1727810307.4920466,29.7
1727810307.6481838,25.1
1727810307.7658224,25.1
1727810307.8783689,25.6
1727810307.9912627,25.6
1727810308.1524022,25.4
1727810308.3142784,25.4
1727810308.4322515,27.5
1727810308.5960257,27.5
1727810308.7521045,26.7
1727810308.923268,28.8
1727810309.038318,28.8
1727810309.1950192,29.5
1727810309.3086007,29.5
1727810309.4252574,25.9
1727810309.5405538,25.9
1727810309.6541805,28.6
1727810309.8249073,28.6
1727810309.9436274,26.6
1727810310.0573323,26.6
1727810310.2233799,22.4
1727810310.3387735,23.0
1727810310.5055242,23.0
1727810310.619485,29.4
1727810310.736126,29.4
1727810310.8955455,26.6
1727810311.0539317,26.6
1727810311.1676931,28.9
1727810311.285012,28.9
1727810311.4567783,21.5
1727810311.5739923,25.0
1727810311.6906781,25.0
1727810311.8083615,25.0
1727810311.9245048,29.7
1727810312.084335,29.7
1727810312.2415981,27.4
1727810312.406698,24.7
1727810312.5249152,24.7
1727810312.6868749,27.2
1727810312.8435361,27.2
1727810312.9590154,25.9
1727810313.1261938,27.0
1727810313.2863114,27.0
1727810313.4571397,27.2
1727810313.6274037,28.4
1727810313.7429965,28.4
1727810313.8585782,27.4
1727810313.9713655,27.4
1727810314.1320016,28.2
1727810314.2898588,28.2
1727810314.4067116,30.5
1727810314.5788925,30.5
1727810314.6953511,27.6
1727810314.8125205,27.6
1727810314.9284275,26.3
1727810315.08543,26.3
1727810315.2007654,25.3
1727810315.3173954,26.6
1727810315.4783676,26.6
1727810315.636203,19.2
1727810315.793511,19.2
1727810315.9102077,26.7
1727810316.0652666,26.7
1727810316.1798542,25.0
1727810316.3503351,25.0
1727810316.511387,26.3
1727810316.624697,21.6
1727810316.79276,21.6
1727810316.9078715,27.6
1727810317.0681849,27.6
1727810317.2280185,28.1
1727810317.3450158,24.8
1727810317.5108628,24.8
1727810317.622638,28.9
1727810317.7351549,28.9
1727810317.846322,32.5
1727810318.012875,32.5
1727810318.1714497,25.6
1727810318.2836545,25.6
1727810318.4399283,28.5
1727810318.5525181,28.5
1727810318.6631696,27.5
1727810318.8196723,27.5
1727810318.9313838,23.7
1727810319.043106,23.7
1727810319.2016597,26.4
1727810319.313374,25.9
1727810319.4692385,25.9
1727810319.584612,28.0
1727810319.70057,28.0
1727810319.8168302,25.0
1727810319.987756,25.0
1727810320.1027973,29.0
1727810320.2725532,29.0
1727810320.3883808,25.3
1727810320.504381,25.3
1727810320.6165287,27.9
1727810320.7327657,27.9
1727810320.8994942,28.2
1727810321.0557897,28.2
1727810321.210832,30.3
1727810321.3712714,28.1
1727810321.4880254,28.1
1727810321.6451042,27.3
1727810321.8037474,27.3
1727810321.9685898,28.4
1727810322.1328819,26.9
1727810322.2934995,26.9
1727810322.410148,21.6
1727810322.565299,21.6
1727810322.6805632,27.3
1727810322.8474057,27.3
1727810322.9624717,26.7
1727810323.0777853,26.6
1727810323.2398124,26.6
1727810323.3569572,25.3
1727810323.4736688,25.3
1727810323.5906198,23.8
1727810323.7621627,23.8
1727810323.9187725,27.1
1727810324.0319548,27.1
1727810324.198546,27.9
1727810324.3550527,26.6
1727810324.4686913,26.6
1727810324.6368978,25.7
1727810324.7500548,25.7
1727810324.9192388,32.0
1727810325.0738986,32.0
1727810325.1898665,26.4
1727810325.3472078,26.4
1727810325.5045614,25.0
1727810325.6174493,27.3
1727810325.785312,27.3
1727810325.8989387,26.1
1727810326.0562634,26.1
1727810326.2268553,22.4
1727810326.343235,24.8
1727810326.505599,24.8
1727810326.6189194,22.7
1727810326.7345088,22.7
1727810326.8513262,26.9
1727810326.9675899,26.9
1727810327.1320372,25.2
1727810327.2889354,25.2
1727810327.4050467,27.2
1727810327.569184,27.2
1727810327.6841836,29.0
1727810327.8006952,29.0
1727810327.9572055,24.1
1727810328.0727656,26.8
1727810328.2398853,26.8
1727810328.3566196,25.6
1727810328.5278683,25.6
1727810328.6839147,30.0
1727810328.8549366,30.0
1727810329.0102541,29.0
1727810329.1681557,27.4
1727810329.28469,27.4
1727810329.4013705,24.9
1727810329.5621002,24.9
1727810329.7201266,27.2
1727810329.8901212,28.2
1727810330.0070126,28.2
1727810330.173544,24.3
1727810330.29011,24.3
1727810330.4530082,26.5
1727810330.5708625,24.1
1727810330.6858807,24.1
1727810330.8554676,24.1
1727810331.0272317,24.7
1727810331.1404912,29.5
1727810331.2563326,29.5
1727810331.3688512,24.8
1727810331.5319934,24.8
1727810331.6452448,26.6
1727810331.8122501,26.6
1727810331.9289541,25.1
1727810332.0455186,25.1
1727810332.2015023,24.7
1727810332.3168023,25.5
1727810332.4324949,25.5
1727810332.5863986,25.5
1727810332.703524,28.2
1727810332.819089,21.5
1727810332.9322176,21.5
1727810333.0455325,21.5
1727810333.21362,28.5
1727810333.329979,23.5
1727810333.4864306,23.5
1727810333.651993,24.9
1727810333.7649567,24.9
1727810333.8757005,28.7
1727810333.9873993,28.7
1727810334.09808,23.9
1727810334.25508,23.9
1727810334.4126956,27.2
1727810334.5256808,27.2
1727810334.6377456,23.1
1727810334.7927005,23.1
1727810334.9053035,24.3
1727810335.015844,24.3
1727810335.1285458,26.5
1727810335.240256,26.5
1727810335.3522878,23.7
1727810335.5149338,23.7
1727810335.6276543,27.1
1727810335.7863696,27.1
1727810335.902427,25.4
1727810336.016059,25.4
1727810336.1741173,27.9
1727810336.3308938,27.9
1727810336.44746,24.4
1727810336.5638502,25.8
1727810336.677283,25.8
1727810336.8490171,25.8
1727810337.0034208,27.0
1727810337.116541,23.7
1727810337.232172,23.7
1727810337.3487256,28.0
1727810337.5096157,28.0
1727810337.6659038,23.0
1727810337.7825756,23.0
1727810337.8990116,31.3
1727810338.012881,31.3
1727810338.1251721,26.2
1727810338.2877755,26.2
1727810338.4496517,26.8
1727810338.6053088,26.0
1727810338.7665036,26.0
1727810338.8834937,23.5
1727810338.996227,23.5
1727810339.1481886,24.6
1727810339.2643466,24.6
1727810339.432129,23.2
1727810339.5481474,23.2
1727810339.7151818,22.2
1727810339.8869438,26.6
1727810340.0424995,26.6
1727810340.1571643,27.2
1727810340.3230507,27.2
1727810340.440392,28.2
1727810340.605953,28.2
1727810340.762076,25.1
1727810340.878242,25.3
1727810340.9918106,25.3
1727810341.1059515,23.4
1727810341.2218597,23.4
1727810341.3348546,23.5
1727810341.4975102,23.5
1727810341.6536202,27.6
1727810341.8135731,27.6
1727810341.9688797,28.5
1727810342.0842745,32.7
1727810342.2003744,32.7
1727810342.3170195,25.7
1727810342.4839141,25.7
1727810342.5987928,28.9
1727810342.7547812,28.9
1727810342.9166856,27.5
1727810343.029702,27.5
1727810343.1423593,30.9
1727810343.2586539,30.9
1727810343.4186513,25.3
1727810343.5339196,25.3
1727810343.7034824,28.0
1727810343.8193839,28.8
1727810343.9787922,28.8
1727810344.1332488,30.5
1727810344.2499456,30.5
1727810344.365541,26.0
1727810344.4823735,26.0
1727810344.5962284,31.4
1727810344.7119572,31.4
1727810344.828188,28.9
1727810344.9916985,28.9
1727810345.1477375,30.1
1727810345.3045237,30.1
1727810345.4688566,27.2
1727810345.5842285,24.8
1727810345.7008967,24.8
1727810345.817799,28.7
1727810345.9331555,28.7
1727810346.0925581,28.7
1727810346.2536032,31.2
1727810346.4256933,27.7
1727810346.541466,27.7
1727810346.7111733,32.4
1727810346.827757,32.7
1727810346.9862895,32.7
1727810347.101909,27.8
1727810347.2571497,27.8
1727810347.374721,29.5
1727810347.5374067,29.5
1727810347.6506515,25.4
1727810347.7673483,25.4
1727810347.8843825,31.4
1727810348.0421197,31.4
1727810348.1552248,25.1
1727810348.3125982,25.1
1727810348.4286907,28.7
1727810348.5459018,28.7
1727810348.6587603,25.2
1727810348.7750154,25.2
1727810348.8918219,30.8
1727810349.0554478,30.8
1727810349.170221,22.6
1727810349.336985,22.6
1727810349.4525042,28.1
1727810349.6100357,26.1
1727810349.7228284,26.1
1727810349.835519,29.8
1727810349.9471872,29.8
1727810350.0588675,29.8
1727810350.1705687,27.3
1727810350.2833312,27.3
1727810350.3957016,28.4
1727810350.548653,28.4
1727810350.6609516,25.1
1727810350.771552,25.1
1727810350.883898,30.0
1727810350.9946046,30.0
1727810351.1073205,26.5
1727810351.263886,26.5
1727810351.3763678,26.9
1727810351.5328197,26.9
1727810351.6900032,26.3
1727810351.8565817,26.3
1727810351.9726038,29.5
1727810352.0881732,31.5
1727810352.2466629,31.5
1727810352.3624284,32.6
1727810352.4772346,32.6
1727810352.5921044,29.1
1727810352.707214,29.1
1727810352.8692453,32.5
1727810353.024235,32.5
1727810353.1803524,31.7
1727810353.3368177,31.7
1727810353.497085,33.8
1727810353.6114335,35.9
1727810353.7268264,35.9
1727810353.884864,27.5
1727810353.9973814,27.5
1727810354.1089878,32.3
1727810354.2642968,32.3
1727810354.4358149,32.3
1727810354.5523813,32.3
1727810354.717111,34.0
1727810354.8336098,34.1
1727810354.9498732,34.1
1727810355.0648344,37.0
1727810355.1800232,37.0
1727810355.3509765,37.0
1727810355.4649405,33.4
1727810355.633842,37.5
1727810355.7940383,37.5
1727810355.952632,34.4
1727810356.0688336,36.1
1727810356.1855385,36.1
1727810356.346901,36.1
1727810356.5034702,37.1
1727810356.6167526,34.7
1727810356.7326071,34.7
1727810356.8485878,38.5
1727810356.9623697,38.5
1727810357.0786262,37.5
1727810357.234914,37.5
1727810357.3509393,37.7
1727810357.4674194,37.7
1727810357.6290414,38.4
1727810357.7877576,38.4
1727810357.9448996,41.1
1727810358.1138299,41.1
1727810358.2734275,37.6
1727810358.390618,35.7
1727810358.560588,35.7
1727810358.7317994,37.0
1727810358.848218,35.5
1727810358.9646726,35.5
1727810359.0811622,35.2
1727810359.2415192,35.2
1727810359.3989801,38.3
1727810359.5108805,38.3
1727810359.6259558,36.9
1727810359.7897055,36.9
1727810359.907226,41.9
1727810360.0235724,41.9
1727810360.1808932,42.9
1727810360.3523614,42.9
1727810360.5084403,39.9
1727810360.621007,38.1
1727810360.7370555,38.1
1727810360.8987246,37.1
1727810361.053914,37.1
1727810361.1673517,42.8
1727810361.3359523,42.8
1727810361.452301,41.9
1727810361.5690577,43.4
1727810361.6851292,43.4
1727810361.8016403,43.4
1727810361.9631417,38.4
1727810362.118514,39.7
1727810362.2735355,39.7
1727810362.390583,36.6
1727810362.5068886,36.6
1727810362.6705298,40.6
1727810362.7881057,40.6
1727810362.90483,39.1
1727810363.0726993,39.1
1727810363.228389,41.2
1727810363.3995435,39.1
1727810363.571583,39.1
1727810363.7362008,34.7
1727810363.850385,38.7
1727810363.9671981,38.7
1727810364.0836663,38.9
1727810364.2449214,38.9
1727810364.3612945,37.1
1727810364.5328882,37.1
1727810364.646269,41.8
1727810364.762302,41.8
1727810364.9188998,37.5
1727810365.0350318,37.5
1727810365.1481974,41.9
1727810365.3088455,41.9
1727810365.4685347,38.7
1727810365.580614,42.5
1727810365.7352593,42.5
1727810365.8935106,37.2
1727810366.0520854,37.2
1727810366.2106614,37.5
1727810366.369038,41.4
1727810366.5231738,41.4
1727810366.6348672,38.8
1727810366.7472434,38.8
1727810366.8596437,39.0
1727810367.01332,39.0
1727810367.1250207,38.3
1727810367.2377193,38.3
1727810367.348446,41.2
1727810367.4598339,41.2
1727810367.5713353,39.2
1727810367.7271585,39.2
1727810367.885254,39.5
1727810368.042381,39.5
1727810368.1545072,37.8
1727810368.3145494,37.8
1727810368.4716158,43.9
1727810368.5859244,38.1
1727810368.7525947,38.1
1727810368.8685591,40.7
1727810369.0339446,40.7
1727810369.1886082,39.9
1727810369.3523765,39.9
1727810369.466557,44.2
1727810369.6338227,39.9
1727810369.7945063,39.9
1727810369.9636147,43.5
1727810370.1240122,41.1
1727810370.2397234,41.1
1727810370.3976834,44.4
1727810370.5539265,44.4
1727810370.7174807,41.8
1727810370.8338082,40.9
1727810370.952111,40.9
1727810371.1222668,38.3
1727810371.2853239,38.3
1727810371.4438481,38.5
1727810371.6139722,38.5
1727810371.7701066,40.1
1727810371.9403708,40.3
1727810372.055796,40.3
1727810372.2232926,39.2
1727810372.3400443,41.6
1727810372.4569948,41.6
1727810372.619408,36.3
1727810372.7913973,36.3
1727810372.9075427,39.8
1727810373.0788713,39.8
1727810373.234985,40.7
1727810373.3520355,34.5
1727810373.4689384,34.5
1727810373.5838547,40.7
1727810373.7494626,40.7
1727810373.9053469,44.2
1727810374.0681074,44.2
1727810374.183253,38.8
1727810374.2991881,38.8
1727810374.4148586,40.0
1727810374.53076,40.0
1727810374.6435294,43.1
1727810374.7583003,43.1
1727810374.8748143,40.1
1727810375.0391483,40.1
1727810375.1533928,37.8
1727810375.269813,37.8
1727810375.433681,39.4
1727810375.5475888,39.4
1727810375.6646292,43.6
1727810375.833819,43.6
1727810376.0056412,39.3
1727810376.12182,42.2
1727810376.289887,42.2
1727810376.4610236,39.5
1727810376.6202624,37.0
1727810376.7366679,37.0
1727810376.853263,36.9
1727810376.9688146,36.9
1727810377.0838306,42.6
1727810377.2445052,42.6
1727810377.3616433,38.6
1727810377.5184174,38.6
1727810377.673493,37.1
1727810377.7902153,37.1
1727810377.9585931,39.7
1727810378.075237,42.1
1727810378.1914747,42.1
1727810378.3565907,42.1
1727810378.519598,39.9
1727810378.6765523,40.2
1727810378.7934976,40.2
1727810378.9080074,39.9
1727810379.0198581,39.9
1727810379.1343262,42.4
1727810379.250051,42.4
1727810379.364942,40.2
1727810379.4804823,40.2
1727810379.6462297,41.4
1727810379.7618036,41.4
1727810379.9288487,46.0
1727810380.0867743,46.0
1727810380.2030413,38.1
1727810380.32017,45.1
1727810380.4366615,45.1
1727810380.5513008,45.1
1727810380.6643467,43.2
1727810380.781535,43.2
1727810380.9483743,41.5
1727810381.1029973,37.6
1727810381.2600927,37.6
1727810381.4317644,44.7
1727810381.5479395,44.7
1727810381.6598003,36.6
1727810381.7720838,36.6
1727810381.8840175,40.4
1727810382.0415955,40.4
1727810382.154296,40.5
1727810382.3098245,40.5
1727810382.4225395,41.1
1727810382.5783248,41.1
1727810382.7366908,41.6
1727810382.8491805,39.7
1727810382.9609385,39.7
1727810383.116454,40.6
1727810383.228155,40.6
1727810383.3400006,44.5
1727810383.4972718,44.5
1727810383.6549208,41.7
1727810383.8121424,41.7
1727810383.9821239,42.8
1727810384.096616,41.7
1727810384.2125778,41.7
1727810384.3733463,40.7
1727810384.4896507,40.7
1727810384.6492684,43.3
1727810384.8081782,43.3
1727810384.9237404,44.2
1727810385.0929172,44.2
1727810385.209372,46.1
1727810385.3254085,39.0
1727810385.440441,39.0
1727810385.6091714,39.0
1727810385.770584,43.7
1727810385.9372036,41.1
1727810386.1009436,41.1
1727810386.263032,42.9
1727810386.379723,39.5
1727810386.5453832,39.5
1727810386.7003598,43.1
1727810386.8571997,35.3
1727810387.013033,35.3
1727810387.1258914,43.9
1727810387.2406688,43.9
1727810387.409136,37.3
1727810387.5220032,37.3
1727810387.677213,44.0
1727810387.7935178,44.0
1727810387.95276,41.5
1727810388.1142645,40.3
1727810388.2281525,40.3
1727810388.393452,43.8
1727810388.5509052,43.8
1727810388.6649797,42.7
1727810388.8328936,42.7
1727810388.9499178,41.7
1727810389.0656905,45.9
1727810389.1788485,45.9
1727810389.2944176,45.9
1727810389.4557395,41.1
1727810389.612399,43.5
1727810389.7276042,43.5
1727810389.8867779,43.9
1727810389.9998412,43.9
1727810390.1160374,39.5
1727810390.2315776,39.5
1727810390.347523,43.0
1727810390.5185845,43.0
1727810390.6741138,43.2
1727810390.7904134,43.2
1727810390.9499154,40.8
1727810391.1043222,42.6
1727810391.262126,42.6
1727810391.3786514,43.8
1727810391.5374765,43.8
1727810391.693915,43.6
1727810391.8107488,43.6
1727810391.96942,43.5
1727810392.1261108,38.5
1727810392.2870045,38.5
1727810392.4441633,41.1
1727810392.557312,41.1
1727810392.7287512,44.2
1727810392.887818,46.8
1727810393.0003233,46.8
1727810393.112421,43.9
1727810393.2282357,43.9
1727810393.3848798,43.8
1727810393.541567,43.8
1727810393.7004154,41.7
1727810393.8583674,45.1
1727810393.9738111,45.1
1727810394.139609,40.4
1727810394.3043802,40.4
1727810394.4210725,43.5
1727810394.5788074,43.5
1727810394.6955187,39.3
1727810394.8122642,39.3
1727810394.975031,43.9
1727810395.130901,47.2
1727810395.2468886,47.2
1727810395.3638372,44.6
1727810395.4809456,44.6
1727810395.5989127,45.3
1727810395.7580774,45.3
1727810395.873934,40.5
1727810395.9878285,40.5
1727810396.1468916,44.0
1727810396.263467,44.0
1727810396.4202824,44.9
1727810396.5366452,44.9
1727810396.6498847,43.1
1727810396.8189862,43.1
1727810396.935705,45.1
1727810397.053988,45.1
1727810397.2105312,45.2
1727810397.3680367,40.9
1727810397.538664,40.9
1727810397.6518126,43.5
1727810397.7642338,43.5
1727810397.9178083,44.4
1727810398.0753658,44.4
1727810398.2339625,43.5
1727810398.3460848,43.6
1727810398.5003426,43.6
1727810398.6578035,43.4
1727810398.769542,43.4
1727810398.8822088,44.1
1727810398.9943333,44.1
1727810399.1469107,47.3
1727810399.3054864,47.3
1727810399.417239,43.3
1727810399.5745873,43.3
1727810399.7322521,45.4
1727810399.8488905,45.6
1727810400.0124981,45.6
1727810400.1270595,42.7
1727810400.2412505,42.7
1727810400.4100475,44.0
1727810400.580202,44.0
1727810400.6957183,48.2
1727810400.8122256,48.2
1727810400.973982,42.0
1727810401.1436749,42.4
1727810401.303133,42.4
1727810401.4655268,46.3
1727810401.5827463,43.4
1727810401.7475085,43.4
1727810401.9018853,42.4
1727810402.0167205,42.4
1727810402.128809,45.2
1727810402.2933376,45.2
1727810402.4651287,42.0
1727810402.6201484,45.5
1727810402.735773,45.5
1727810402.8517995,46.8
1727810403.011546,46.8
1727810403.1242998,43.6
1727810403.2406251,43.6
1727810403.3583388,47.2
1727810403.5170634,47.2
1727810403.6308515,48.0
1727810403.746965,48.0
1727810403.8640373,47.0
1727810404.0322485,47.0
1727810404.1877549,44.9
1727810404.303701,44.9
1727810404.4702268,44.4
1727810404.6406522,39.0
1727810404.7568605,39.0
1727810404.9268095,45.8
1727810405.0395184,45.8
1727810405.1529305,44.8
1727810405.2684193,44.8
1727810405.3847675,47.5
1727810405.5525734,47.5
1727810405.7095065,41.4
1727810405.8263876,47.0
1727810405.943312,47.0
1727810406.05873,47.0
1727810406.1727295,46.4
1727810406.3398063,46.4
1727810406.4566684,43.4
1727810406.6160817,45.2
1727810406.7721376,45.2
1727810406.8891356,48.2
1727810407.0032759,48.2
1727810407.1161916,42.5
1727810407.2788184,42.5
1727810407.3954637,46.0
1727810407.5086272,46.0
1727810407.6246839,43.0
1727810407.7943964,43.0
1727810407.95292,48.8
1727810408.1228392,48.9
1727810408.2356489,48.9
1727810408.350983,47.4
1727810408.5125391,47.4
1727810408.625067,45.6
1727810408.7923825,45.6
1727810408.9539735,44.9
1727810409.115872,46.1
1727810409.287167,46.1
1727810409.402929,48.4
1727810409.5579698,48.4
1727810409.714714,45.7
1727810409.871069,43.7
1727810409.9839668,43.7
1727810410.149882,46.8
1727810410.3097718,46.8
1727810410.4238179,45.2
1727810410.540451,45.2
1727810410.6533918,45.5
1727810410.7701678,45.5
1727810410.9426012,43.3
1727810411.0567818,43.3
1727810411.1718082,49.0
1727810411.3317702,49.0
1727810411.4891603,44.3
1727810411.604265,47.6
1727810411.7194803,47.6
1727810411.8364236,47.0
1727810411.9505801,47.0
1727810412.1182494,43.9
1727810412.2735538,43.9
1727810412.4380066,47.5
1727810412.6012201,47.5
1727810412.716141,50.0
1727810412.8327928,48.1
1727810412.995651,48.1
1727810413.1532185,49.0
1727810413.2691758,49.0
1727810413.4337394,47.8
1727810413.5467098,47.8
1727810413.699219,42.9
1727810413.8560448,45.0
1727810413.9683607,45.0
1727810414.1239355,43.0
1727810414.2834861,43.0
1727810414.3963768,50.6
1727810414.5075965,50.6
1727810414.620489,45.8
1727810414.7845685,45.8
1727810414.8972685,48.1
1727810415.0540938,48.1
1727810415.211674,46.5
1727810415.3722508,45.9
1727810415.5428123,45.9
1727810415.7050378,52.0
1727810415.8206027,47.2
1727810415.936356,47.2
1727810416.0959685,47.2
1727810416.2113445,41.1
1727810416.3247209,44.2
1727810416.4405258,44.2
1727810416.6104062,44.2
1727810416.726412,44.3
1727810416.894786,47.4
1727810417.008636,47.4
1727810417.1211474,48.5
1727810417.2369552,48.5
1727810417.3500223,52.6
1727810417.5195403,52.6
1727810417.69086,50.7
1727810417.8072085,50.7
1727810417.963017,52.7
1727810418.1204877,47.7
1727810418.2766094,47.7
1727810418.4341958,48.0
1727810418.548754,48.0
1727810418.6614234,51.1
1727810418.823603,51.1
1727810418.9786892,52.7
1727810419.091168,50.5
1727810419.206989,50.5
1727810419.3238027,47.8
1727810419.480615,47.8
1727810419.6349998,53.8
1727810419.7923138,53.8
1727810419.9072542,46.3
1727810420.0715904,46.3
1727810420.1885402,51.5
1727810420.3561525,51.5
1727810420.4726517,50.2
1727810420.5898023,52.6
1727810420.707113,52.6
1727810420.8201394,49.5
1727810420.9787302,49.5
1727810421.135071,55.3
1727810421.292421,55.3
1727810421.4085667,54.3
1727810421.5253427,54.3
1727810421.6814182,53.2
1727810421.7971444,53.2
1727810421.9132586,52.1
1727810422.0791469,52.1
1727810422.2513337,53.8
1727810422.3682804,59.0
1727810422.525027,59.0
1727810422.6815398,54.4
1727810422.7966993,54.4
1727810422.9610052,49.3
1727810423.0760388,54.2
1727810423.2310605,54.2
1727810423.3868,51.7
1727810423.5039926,51.7
1727810423.6599872,56.5
1727810423.815137,56.5
1727810423.9318619,57.9
1727810424.0449016,57.9
1727810424.1613958,51.8
1727810424.2780848,51.8
1727810424.3950405,55.9
1727810424.5110428,55.9
1727810424.624603,51.8
1727810424.7867012,51.8
1727810424.9509468,57.3
1727810425.0677574,52.9
1727810425.2326276,52.9
1727810425.3491864,57.8
1727810425.505978,57.8
1727810425.619127,57.2
1727810425.7346728,57.2
1727810425.8992267,57.8
1727810426.0131414,57.8
1727810426.1807237,54.2
1727810426.2969868,54.2
1727810426.4127283,56.9
1727810426.5786853,56.9
1727810426.6956265,58.8
1727810426.8644564,58.8
1727810427.0335464,54.0
1727810427.1465468,52.6
1727810427.2629468,52.6
1727810427.4186988,56.9
1727810427.5351381,56.9
1727810427.6480517,54.9
1727810427.8054473,54.9
1727810427.9221234,60.0
1727810428.0890224,60.0
1727810428.2041245,55.2
1727810428.3196242,56.4
1727810428.4362617,56.4
1727810428.553259,56.4
1727810428.721468,59.1
1727810428.836566,56.0
1727810428.9549336,56.0
1727810429.111359,57.3
1727810429.2685783,57.3
1727810429.3847687,52.6
1727810429.5011199,52.6
1727810429.6533837,60.4
1727810429.8097785,60.4
1727810429.9689493,53.9
1727810430.1265001,56.4
1727810430.2830815,56.4
1727810430.3946795,50.4
1727810430.506467,50.4
1727810430.6584885,58.8
1727810430.7708595,58.8
1727810430.8823624,52.6
1727810431.03773,52.6
1727810431.149429,57.1
1727810431.3119965,57.1
1727810431.424671,51.8
1727810431.535717,51.8
1727810431.6499486,53.1
1727810431.8099725,53.1
1727810431.9255273,53.3
1727810432.0915785,53.3
1727810432.2066693,59.6
1727810432.3681533,51.5
1727810432.5236206,51.5
1727810432.678935,51.6
1727810432.8375976,51.6
1727810432.9928944,56.5
1727810433.1070747,57.9
1727810433.2232437,57.9
1727810433.3404186,55.7
1727810433.456618,55.7
1727810433.6168122,57.5
1727810433.7321858,57.5
1727810433.8988502,55.3
1727810434.0701094,55.3
1727810434.226791,45.4
1727810434.3394358,48.2
1727810434.499848,48.2
1727810434.615633,50.7
1727810434.7323108,50.7
1727810434.8490312,51.1
1727810435.0161645,51.1
1727810435.1746945,55.8
1727810435.332133,55.8
1727810435.4480312,51.7
1727810435.5652971,53.4
1727810435.7236292,53.4
1727810435.879141,59.1
1727810436.0381277,59.1
1727810436.1509495,53.1
1727810436.3220527,53.1
1727810436.4369667,55.8
1727810436.5530562,55.8
1727810436.719917,56.4
1727810436.8353865,56.1
1727810436.9928944,56.1
1727810437.1069915,54.5
1727810437.2238455,54.5
1727810437.3818498,51.7
1727810437.5543077,51.7
1727810437.6709094,53.9
1727810437.834696,53.9
1727810437.991605,57.0
1727810438.147065,52.5
1727810438.260658,52.5
1727810438.42016,56.5
1727810438.5369198,56.5
1727810438.6519434,57.4
1727810438.819936,57.4
1727810438.9336991,53.4
1727810439.0947423,53.4
1727810439.2100813,56.8
1727810439.3655226,58.1
1727810439.482482,58.1
1727810439.6478224,57.3
1727810439.7607923,57.3
1727810439.9297106,59.8
1727810440.0870655,59.8
1727810440.2020814,57.9
1727810440.3183246,58.6
1727810440.4346414,58.6
1727810440.5971782,58.6
1727810440.764763,59.8
1727810440.8856218,59.0
1727810441.0528135,59.0
1727810441.1694064,60.7
1727810441.2874227,60.7
1727810441.4536645,59.4
1727810441.5701735,56.2
1727810441.727901,56.2
1727810441.844355,55.4
1727810441.9606943,55.4
1727810442.118421,57.1
1727810442.2749126,57.1
1727810442.3914232,56.1
1727810442.5080147,56.1
1727810442.670208,61.6
1727810442.8281715,61.6
1727810442.9442036,55.1
1727810443.0606623,55.1
1727810443.2291563,56.0
1727810443.3453248,56.1
1727810443.50284,56.1
1727810443.6165116,59.3
1727810443.731859,59.3
1727810443.848313,57.5
1727810444.006744,57.5
1727810444.1634898,59.0
1727810444.3359067,59.0
1727810444.452464,57.1
1727810444.569185,60.1
1727810444.6853416,60.1
1727810444.8021104,60.1
1727810444.967534,61.1
1727810445.1246603,56.8
1727810445.2394683,56.8
1727810445.4055908,59.3
1727810445.560764,59.3
1727810445.717094,57.8
1727810445.8290315,58.5
1727810445.9395318,58.5
1727810446.051232,58.5
1727810446.2078354,54.0
1727810446.3656318,54.5
1727810446.478078,54.5
1727810446.5911367,60.3
1727810446.703284,60.3
1727810446.815213,57.0
1727810446.9814906,57.0
1727810447.1395829,52.3
1727810447.2971823,52.3
1727810447.4097824,58.1
1727810447.5662556,58.1
1727810447.6822786,53.2
1727810447.8492312,53.2
1727810447.9644594,54.6
1727810448.1318166,52.6
1727810448.2913537,52.6
1727810448.4631338,52.5
1727810448.579229,54.3
1727810448.7457604,54.3
1727810448.9016933,54.2
1727810449.01405,54.2
1727810449.126718,53.9
1727810449.2374415,53.9
1727810449.392502,59.8
1727810449.5495079,59.8
1727810449.7068925,56.1
1727810449.8197968,57.0
1727810449.9881234,57.0
1727810450.1028132,51.0
1727810450.267956,51.0
1727810450.3847547,52.6
1727810450.5542247,52.6
1727810450.6673167,56.2
1727810450.7787066,56.2
1727810450.8913233,52.0
1727810451.0477772,52.0
1727810451.2030842,53.9
1727810451.3197808,54.2
1727810451.4362094,54.2
1727810451.5530136,54.2
1727810451.6663337,54.9
1727810451.8260822,54.9
1727810451.997358,54.1
1727810452.153632,54.3
1727810452.2690873,54.3
1727810452.4376967,50.6
1727810452.5998917,50.6
1727810452.712704,56.6
1727810452.8793523,56.6
1727810453.0365431,56.6
1727810453.1495717,58.4
1727810453.3078623,58.4
1727810453.4242082,57.4
1727810453.5957835,57.4
1727810453.7126489,54.4
1727810453.8254778,54.2
1727810453.9407263,54.2
1727810454.0570464,54.2
1727810454.226561,54.3
1727810454.3434217,53.2
1727810454.4586403,53.2
1727810454.6200829,55.2
1727810454.7760413,55.2
1727810454.9367242,53.3
1727810455.1061976,53.3
1727810455.270081,57.2
1727810455.3876123,56.1
1727810455.5004613,56.1
1727810455.6716034,56.3
1727810455.8267555,56.3
1727810455.9967463,55.0
1727810456.152839,58.3
1727810456.2675338,58.3
1727810456.4387302,54.5
1727810456.5558188,54.5
1727810456.6722813,56.3
1727810456.8399234,56.3
1727810457.0100877,55.4
1727810457.1674643,54.5
1727810457.283177,54.5
1727810457.4000342,53.9
1727810457.55607,53.9
1727810457.6694944,52.7
1727810457.839686,52.7
1727810458.0109706,56.2
1727810458.1665616,54.1
1727810458.3215928,54.1
1727810458.488084,56.8
1727810458.641831,55.3
1727810458.7571042,55.3
1727810458.8738053,55.9
1727810459.040519,55.9
1727810459.1973653,51.4
1727810459.314825,60.5
1727810459.4764009,60.5
1727810459.6329606,52.9
1727810459.7902522,52.9
1727810459.9033494,57.5
1727810460.061329,57.5
1727810460.1776278,57.1
1727810460.344378,57.1
1727810460.4611044,55.0
1727810460.6263313,53.2
1727810460.741124,53.2
1727810460.9124575,51.6
1727810461.0681372,51.6
1727810461.2252831,53.0
1727810461.340914,52.6
1727810461.501825,52.6
1727810461.6136189,50.8
1727810461.768792,50.8
1727810461.925773,51.6
1727810462.0374527,51.6
1727810462.1501517,54.5
1727810462.3070507,54.5
1727810462.420088,54.2
1727810462.5737305,54.2
1727810462.7315454,55.8
1727810462.8427422,50.6
1727810462.9554095,50.6
1727810463.0674634,57.9
1727810463.1791651,57.9
1727810463.2908475,57.9
1727810463.4021392,48.9
1727810463.5562315,48.9
1727810463.7277763,57.7
1727810463.8441832,51.1
1727810464.0115595,51.1
1727810464.1246629,58.1
1727810464.2942078,58.1
1727810464.4109476,52.4
1727810464.5689893,52.4
1727810464.725896,57.4
1727810464.8861935,51.7
1727810464.9991937,51.7
1727810465.1116586,55.5
1727810465.2675707,55.5
1727810465.4337926,55.7
1727810465.5483391,55.7
1727810465.7131648,57.4
1727810465.8687828,56.9
1727810466.0250974,56.9
1727810466.1395118,55.0
1727810466.3052852,55.0
1727810466.4212296,57.4
1727810466.5774565,57.4
1727810466.748787,55.4
1727810466.9199488,57.4
1727810467.0343306,57.4
1727810467.200258,53.0
1727810467.3169572,54.2
1727810467.4336414,54.2
1727810467.548155,54.2
1727810467.709885,57.0
1727810467.8253694,53.7
1727810467.9842515,53.7
1727810468.1458416,55.9
1727810468.307522,55.9
1727810468.423614,55.0
1727810468.5397458,55.0
1727810468.7007837,58.0
1727810468.8170066,56.9
1727810468.9338806,56.9
1727810469.1035094,56.9
1727810469.2200131,56.5
1727810469.336788,55.8
1727810469.497389,55.8
1727810469.6118937,54.7
1727810469.7779522,54.7
1727810469.9346626,58.7
1727810470.088989,58.7
1727810470.2049115,55.2
1727810470.3629663,57.6
1727810470.4796054,57.6
1727810470.6359022,54.8
1727810470.752464,54.8
1727810470.9104054,58.0
1727810471.0654628,58.0
1727810471.2205756,50.7
1727810471.3367255,57.9
1727810471.4535213,57.9
1727810471.5693414,54.7
1727810471.735683,54.7
1727810471.896229,54.1
1727810472.0095372,54.1
1727810472.1230977,54.3
1727810472.2931561,54.3
1727810472.4098783,53.7
1727810472.5665438,53.7
1727810472.7311053,54.1
1727810472.8881948,56.3
1727810473.0052357,56.3
1727810473.1664243,56.1
1727810473.336548,56.1
1727810473.5012326,55.0
1727810473.6133463,57.5
1727810473.7305243,57.5
1727810473.845244,51.3
1727810474.011457,51.3
1727810474.1242394,54.6
1727810474.240161,54.6
1727810474.3565595,53.0
1727810474.4733276,53.0
1727810474.5893443,54.1
1727810474.707102,54.1
1727810474.824751,51.6
1727810474.9847004,51.6
1727810475.0990455,55.4
1727810475.2649863,55.4
1727810475.4203234,54.9
1727810475.5367768,54.9
1727810475.650376,51.5
1727810475.7670085,51.5
1727810475.9278016,52.1
1727810476.0988865,52.1
1727810476.268197,55.8
1727810476.38482,54.1
1727810476.556561,54.1
1727810476.668431,56.6
1727810476.7834466,56.6
1727810476.9436042,51.6
1727810477.0572562,51.6
1727810477.223902,52.7
1727810477.339882,55.8
1727810477.4568012,55.8
1727810477.6150906,56.4
1727810477.728621,56.4
1727810477.88254,49.1
1727810478.0411346,49.1
1727810478.198715,52.7
1727810478.3114207,54.6
1727810478.4668803,54.6
1727810478.6246302,52.2
1727810478.73682,52.2
1727810478.847467,53.5
1727810478.9995742,53.5
1727810479.1623108,55.9
1727810479.2750094,55.9
1727810479.431917,55.2
1727810479.5895011,55.2
1727810479.7061179,55.0
1727810479.82278,56.3
1727810479.9790344,56.3
1727810480.1364639,52.4
1727810480.3017607,52.4
1727810480.4177287,52.0
1727810480.532753,52.0
1727810480.6454823,52.5
1727810480.7624927,52.5
1727810480.931801,57.2
1727810481.0875149,57.2
1727810481.2523806,52.4
1727810481.3691497,56.1
1727810481.4857178,56.1
1727810481.6016247,49.9
1727810481.7139606,49.9
1727810481.8278108,55.0
1727810481.9957495,55.0
1727810482.1527388,52.8
1727810482.3120656,52.8
1727810482.428971,52.4
1727810482.5957196,52.4
1727810482.7113214,50.4
1727810482.8786905,55.3
1727810483.0360603,55.3
1727810483.1496434,53.1
1727810483.3050234,53.1
1727810483.4214628,52.5
1727810483.5384426,52.5
1727810483.6518946,54.5
1727810483.8213499,54.5
1727810483.9380856,51.7
1727810484.051441,51.7
1727810484.1684687,52.9
1727810484.2834716,52.9
1727810484.399713,50.9
1727810484.560974,50.9
1727810484.7201798,52.9
1727810484.8847895,51.3
1727810484.9984424,51.3
1727810485.1659482,54.6
1727810485.2818844,54.6
1727810485.447356,54.2
1727810485.618444,51.5
1727810485.7785985,51.5
1727810485.9506974,53.2
1727810486.1053734,52.6
1727810486.259906,52.6
1727810486.3769224,52.5
1727810486.5443618,52.5
1727810486.6607993,54.3
1727810486.829077,54.3
1727810486.94162,55.1
1727810487.0581543,55.1
1727810487.2229185,50.7
1727810487.3376608,48.0
1727810487.4537644,48.0
1727810487.571065,52.6
1727810487.7309628,52.6
1727810487.8874848,52.5
1727810488.0017767,52.5
1727810488.1148858,54.9
1727810488.232211,54.9
1727810488.3474708,47.6
1727810488.4634955,47.6
1727810488.577489,51.1
1727810488.736526,51.1
1727810488.8526728,53.1
1727810489.021307,53.1
1727810489.1781197,54.1
1727810489.3482363,54.1
1727810489.4648426,54.4
1727810489.5816107,53.8
1727810489.7379632,53.8
1727810489.8540978,53.7
1727810489.9699867,53.7
1727810490.1278417,47.6
1727810490.2439802,47.6
1727810490.402693,50.8
1727810490.5729363,50.8
1727810490.7305875,48.5
1727810490.9030836,57.0
1727810491.0163107,57.0
1727810491.1831872,50.8
1727810491.3390675,50.8
1727810491.4557815,52.2
1727810491.5723634,52.0
1727810491.7416947,52.0
1727810491.8979754,51.1
1727810492.053293,51.1
1727810492.1664956,50.8
1727810492.3224535,50.8
1727810492.4387698,50.5
1727810492.5566642,50.5
1727810492.7255154,52.4
1727810492.8423374,55.9
1727810493.0109174,55.9
1727810493.1664946,51.2
1727810493.2835786,51.2
1727810493.4010553,53.2
1727810493.517465,53.2
1727810493.630459,53.8
1727810493.7423296,53.8
1727810493.9021213,52.1
1727810494.014575,52.1
1727810494.1721537,53.8
1727810494.2828774,53.8
1727810494.3951726,55.8
1727810494.5477655,55.8
1727810494.7066343,47.8
1727810494.817886,53.1
1727810494.972333,53.1
1727810495.085049,49.9
1727810495.2406328,49.9
1727810495.3992085,53.0
1727810495.5113797,53.0
1727810495.669408,50.7
1727810495.7859554,50.7
1727810495.9023855,50.1
1727810496.0586798,50.1
1727810496.2149317,52.6
1727810496.3720853,49.8
1727810496.536971,49.8
1727810496.652142,51.2
1727810496.8202355,51.2
1727810496.934532,49.8
1727810497.0493114,49.8
1727810497.1618752,54.3
1727810497.2779899,54.3
1727810497.4457264,50.8
1727810497.5629067,52.2
1727810497.729475,52.2
1727810497.8456008,48.3
1727810498.0070229,48.3
1727810498.1626735,52.0
1727810498.2793303,52.0
1727810498.3959851,50.3
1727810498.5122998,50.3
1727810498.6256921,49.3
1727810498.7860239,49.3
1727810498.943765,48.3
1727810499.101503,48.3
1727810499.2719858,50.6
1727810499.4364793,52.1
1727810499.5963347,52.1
1727810499.7542055,51.3
1727810499.9258306,49.7
1727810500.0392864,49.7
1727810500.1995714,50.3
1727810500.3162782,52.2
1727810500.4815998,52.2
1727810500.5962737,50.6
1727810500.761881,50.6
1727810500.8786342,49.4
1727810500.9953485,49.4
1727810501.1539562,48.9
1727810501.2697153,48.9
1727810501.38634,55.7
1727810501.5029101,55.7
1727810501.6692164,51.8
1727810501.7853103,51.8
1727810501.9495974,49.8
1727810502.0663867,53.4
1727810502.1840591,53.4
1727810502.3421173,53.4
1727810502.5027974,49.2
1727810502.6598508,51.2
1727810502.7721093,51.2
1727810502.8884335,50.3
1727810503.0577471,50.3
1727810503.215594,48.0
1727810503.330119,54.3
1727810503.445153,54.3
1727810503.6060865,54.3
1727810503.7785506,55.7
1727810503.8951879,52.6
1727810504.06435,52.6
1727810504.2219083,53.4
1727810504.3875813,54.8
1727810504.5492895,54.8
1727810504.662724,53.1
1727810504.8276258,53.1
1727810504.9461565,54.6
1727810505.0627437,55.0
1727810505.2264798,55.0
1727810505.342354,50.2
1727810505.4582083,50.2
1727810505.5747466,55.4
1727810505.6901655,55.4
1727810505.8524764,55.4
1727810505.967839,55.0
1727810506.0826726,53.9
1727810506.2431536,53.9
1727810506.3590326,55.5
1727810506.4748619,55.5
1727810506.6347961,54.8
1727810506.7506034,54.8
1727810506.867253,55.3
1727810507.0281227,55.3
1727810507.1410093,54.4
1727810507.2569845,54.4
1727810507.373729,50.9
1727810507.5355816,50.9
1727810507.648617,56.2
1727810507.7645679,56.2
1727810507.9233885,53.7
1727810508.037254,53.7
1727810508.154151,53.5
1727810508.3168201,53.5
1727810508.4735644,53.3
1727810508.5901613,54.0
1727810508.7046902,54.0
1727810508.8618746,53.7
1727810509.0158613,53.7
1727810509.172694,53.7
1727810509.345165,53.7
1727810509.4613652,58.4
1727810509.5770469,52.1
1727810509.7391627,52.1
1727810509.8517556,57.0
1727810509.9645655,57.0
1727810510.1189208,54.0
1727810510.231619,54.0
1727810510.3423226,55.7
1727810510.453329,55.7
1727810510.6096833,54.3
1727810510.7658794,54.3
1727810510.9230149,51.5
1727810511.0345788,51.5
1727810511.1469433,53.6
1727810511.2576473,53.6
1727810511.411236,57.9
1727810511.5682533,57.9
1727810511.6808114,52.7
1727810511.8347955,52.7
1727810511.989967,58.5
1727810512.1467285,50.6
1727810512.3038306,50.6
1727810512.4684339,54.1
1727810512.6259332,51.5
1727810512.74045,51.5
1727810512.9062943,53.7
1727810513.0698786,53.7
1727810513.1824687,53.6
1727810513.3508966,53.6
1727810513.5108788,50.2
1727810513.623504,54.7
1727810513.7401085,54.7
1727810513.856458,53.9
1727810514.0243776,53.9
1727810514.1813407,49.8
1727810514.3534784,49.8
1727810514.5119421,53.0
1727810514.6671457,51.9
1727810514.7833261,51.9
1727810514.9001064,54.6
1727810515.0613325,54.6
1727810515.217935,52.2
1727810515.3343363,51.9
1727810515.4500186,51.9
1727810515.619243,54.5
1727810515.733166,54.5
1727810515.8498828,53.3
1727810516.0041358,53.3
1727810516.1165984,55.8
1727810516.2326105,55.8
1727810516.3497753,54.4
1727810516.5059185,54.4
1727810516.6196253,50.6
1727810516.7844596,50.6
1727810516.8992312,53.3
1727810517.0659437,53.3
1727810517.2226694,53.8
1727810517.3399458,49.1
1727810517.5039458,49.1
1727810517.6176684,56.8
1727810517.772911,56.8
1727810517.8895204,53.5
1727810518.0053432,53.5
1727810518.1673415,54.4
1727810518.2832875,54.4
1727810518.4483764,55.9
1727810518.6195362,56.2
1727810518.7356563,56.2
1727810518.8517492,52.3
1727810518.9684222,52.3
1727810519.0830116,55.9
1727810519.2441893,55.9
1727810519.3606098,51.9
1727810519.5180023,51.9
1727810519.6743348,53.1
1727810519.8347583,53.1
1727810519.952125,54.7
1727810520.1163259,53.0
1727810520.272094,53.0
1727810520.4362712,52.8
1727810520.6058939,52.8
1727810520.7639084,59.6
1727810520.9202483,50.7
1727810521.0355463,50.7
1727810521.1524014,52.9
1727810521.310944,52.9
1727810521.4272256,56.1
1727810521.5866637,56.1
1727810521.7472425,59.6
1727810521.9042602,56.8
1727810522.0601926,56.8
1727810522.176487,50.4
1727810522.293409,50.4
1727810522.4523823,59.3
1727810522.5686302,53.2
1727810522.7339745,53.2
1727810522.893035,58.6
1727810523.0069885,58.6
1727810523.17443,53.5
1727810523.2907825,53.5
1727810523.4619381,54.3
1727810523.631261,51.5
1727810523.7897563,51.5
1727810523.9023135,53.4
1727810524.0712972,53.4
1727810524.1878324,51.5
1727810524.3561008,51.5
1727810524.5180576,55.6
1727810524.631122,51.9
1727810524.8002458,51.9
1727810524.9165533,56.1
1727810525.0295222,56.1
1727810525.1933289,51.1
1727810525.3649352,51.1
1727810525.4812253,57.7
1727810525.5929482,53.2
1727810525.705745,53.2
1727810525.8164499,52.8
1727810525.9281483,52.8
1727810526.0398982,52.8
1727810526.151599,56.5
1727810526.3141642,56.5
1727810526.4709768,57.0
1727810526.627775,52.5
1727810526.7838173,52.5
1727810526.8965948,55.9
1727810527.0492885,55.9
1727810527.2077403,52.8
1727810527.320439,52.2
1727810527.43214,52.2
1727810527.5869226,52.2
1727810527.6988747,52.2
1727810527.814483,51.6
1727810527.9304569,51.6
1727810528.0958283,51.6
1727810528.2094538,55.0
1727810528.3235853,53.6
1727810528.439619,53.6
1727810528.6017547,53.6
1727810528.7176142,50.4
1727810528.885977,55.1
1727810529.0441937,55.1
1727810529.1566985,55.7
1727810529.3133483,55.7
1727810529.4305265,57.0
1727810529.5458133,57.0
1727810529.7041183,55.5
1727810529.8183784,55.1
1727810529.986418,55.1
1727810530.1555169,54.4
1727810530.3158994,54.4
1727810530.429216,54.2
1727810530.5450733,54.2
1727810530.6609879,53.4
1727810530.7775772,53.4
1727810530.8939178,54.2
1727810531.0570116,54.2
1727810531.2137723,54.7
1727810531.3698835,51.3
1727810531.4860556,51.3
1727810531.6489308,53.1
1727810531.765412,53.1
1727810531.8813093,53.7
1727810532.0422392,53.7
1727810532.156924,51.8
1727810532.2732015,51.8
1727810532.390314,53.5
1727810532.5472178,53.5
1727810532.7036378,51.6
1727810532.8650124,51.9
1727810533.0192878,51.9
1727810533.1760871,56.6
1727810533.333326,56.6
1727810533.4895756,56.9
1727810533.6028225,53.5
1727810533.7188756,53.5
1727810533.8347096,53.0
1727810533.953632,53.0
1727810534.1151407,51.7
1727810534.2709367,51.7
1727810534.4423993,55.6
1727810534.611436,55.6
1727810534.7679186,49.4
1727810534.884512,49.3
1727810535.0002463,49.3
1727810535.1656458,52.5
1727810535.330505,52.5
1727810535.4469337,53.8
1727810535.6022382,54.7
1727810535.7177718,54.7
1727810535.830865,55.6
1727810535.993067,55.6
1727810536.1082582,56.3
1727810536.2736382,56.3
1727810536.430533,51.3
1727810536.6029706,51.3
1727810536.7186203,49.8
1727810536.886092,52.2
1727810537.040078,52.2
1727810537.194432,53.5
1727810537.3667307,57.2
1727810537.5384178,57.2
1727810537.6509755,53.1
1727810537.7667286,53.1
1727810537.8804522,57.1
1727810538.044221,57.1
1727810538.1590633,52.9
1727810538.2749684,52.9
1727810538.3915246,50.4
1727810538.5618336,50.4
1727810538.6748533,52.6
1727810538.789218,52.6
1727810538.905047,53.0
1727810539.0707471,53.0
1727810539.1869645,54.4
1727810539.3039436,54.4
1727810539.4170334,54.4
1727810539.5719948,54.4
1727810539.73362,51.6
1727810539.904617,52.6
1727810540.0592933,52.6
1727810540.1736653,52.5
1727810540.3441727,52.5
1727810540.4604151,50.8
1727810540.577457,55.4
1727810540.7417052,55.4
1727810540.9026234,50.3
1727810541.0612588,50.3
1727810541.2178552,52.9
1727810541.3347845,50.1
1727810541.4518065,50.1
1727810541.5679307,53.0
1727810541.6805341,53.0
1727810541.792071,53.0
1727810541.9031932,53.8
1727810542.0148935,53.8
1727810542.1275926,55.8
1727810542.239294,55.8
1727810542.4038804,50.0
1727810542.5633712,50.0
1727810542.723776,51.9
1727810542.8366761,51.9
1727810543.0056343,51.9
1727810543.1167831,54.7
1727810543.2736,54.7
1727810543.3853014,51.6
1727810543.4969907,51.6
1727810543.6094055,54.9
1727810543.7211962,54.9
1727810543.8890495,53.3
1727810544.0476527,53.3
1727810544.1605558,56.7
1727810544.2755117,56.7
1727810544.4384098,53.7
1727810544.6088607,53.7
1727810544.779062,50.8
1727810544.9378893,52.8
1727810545.0544853,52.8
1727810545.167114,51.6
1727810545.3234775,51.6
1727810545.440022,55.0
1727810545.5570168,55.0
1727810545.6706195,52.1
1727810545.8315,52.1
1727810545.9495342,53.9
1727810546.0659828,53.8
1727810546.2255,53.8
1727810546.339219,50.8
1727810546.4551485,50.8
1727810546.6109793,51.1
1727810546.7258599,51.1
1727810546.8419023,55.0
1727810546.9564798,55.0
1727810547.0735292,55.8
1727810547.2354362,55.8
1727810547.352056,54.2
1727810547.4687886,54.2
1727810547.6347556,50.8
1727810547.7995877,50.8
1727810547.9560232,54.3
1727810548.1110115,53.7
1727810548.2671757,53.7
1727810548.3800817,54.2
1727810548.496394,54.2
1727810548.661254,53.0
1727810548.832479,53.0
1727810548.9500668,50.7
1727810549.0625029,51.9
1727810549.2228148,51.9
1727810549.3800957,50.7
1727810549.4966798,50.7
1727810549.6587946,52.5
1727810549.7749403,52.5
1727810549.888466,51.6
1727810550.0017128,51.6
1727810550.166418,48.9
1727810550.2825954,48.9
1727810550.3990889,51.0
1727810550.5152085,51.0
1727810550.677092,55.1
1727810550.8365965,55.1
1727810550.996187,48.7
1727810551.1121802,53.6
1727810551.2673852,53.6
1727810551.3837862,51.3
1727810551.5414033,51.3
1727810551.6534498,59.4
1727810551.8216407,59.4
1727810551.9384804,53.3
1727810552.054732,53.3
1727810552.1712484,51.1
1727810552.3315046,51.1
1727810552.4453502,50.7
1727810552.6026201,47.1
1727810552.7585425,47.1
1727810552.8743613,51.7
1727810553.0388403,51.7
1727810553.197174,54.5
1727810553.3681765,53.4
1727810553.538977,53.4
1727810553.6561103,54.1
1727810553.8209481,54.1
1727810553.9809856,51.3
1727810554.1366978,57.1
1727810554.2532635,57.1
1727810554.4209468,50.0
1727810554.537018,50.0
1727810554.6499488,51.8
1727810554.8067873,51.8
1727810554.969896,52.7
1727810555.125573,49.2
1727810555.2864387,49.2
1727810555.4466953,53.1
1727810555.6022007,55.2
1727810555.7179039,55.2
1727810555.8343897,52.3
1727810555.9955244,52.3
1727810556.1076515,52.3
1727810556.2235181,52.3
1727810556.3401573,52.4
1727810556.502133,52.4
1727810556.6148844,52.8
1727810556.7705348,52.8
1727810556.93065,49.1
1727810557.0864906,49.1
1727810557.1998024,48.0
1727810557.3544905,62.4
1727810557.5166707,62.4
1727810557.673376,61.5
1727810557.78496,61.5
1727810557.940989,50.9
1727810558.05162,50.9
1727810558.1633227,68.9
1727810558.2750478,68.9
1727810558.4310145,65.4
1727810558.5857174,65.4
1727810558.6987872,61.5
1727810558.854863,56.1
1727810558.967695,56.1
1727810559.078673,64.4
1727810559.1903744,64.4
1727810559.345958,64.4
1727810559.5036516,56.1
1727810559.663759,51.1
1727810559.820929,51.1
1727810559.9371312,57.8
1727810560.0512083,57.8
1727810560.1676066,53.6
1727810560.2834597,53.6
1727810560.4483373,45.5
1727810560.6041505,49.6
1727810560.7197697,49.6
1727810560.8358088,58.0
1727810560.9945347,58.0
1727810561.1057303,55.7
1727810561.2232053,55.7
1727810561.3398678,55.6
1727810561.456847,55.6
1727810561.5736184,60.4
1727810561.6897638,60.4
1727810561.852293,60.4
1727810561.9675622,62.5
1727810562.0837662,60.7
1727810562.1976197,60.7
1727810562.314279,59.2
1727810562.4307466,59.2
1727810562.547136,59.2
1727810562.6639726,63.9
1727810562.78042,63.9
1727810562.8968017,64.2
1727810563.0134761,64.2
1727810563.184052,65.3
1727810563.2991269,65.3
1727810563.415582,58.5
1727810563.5713608,58.5
1727810563.7356343,65.9
1727810563.8516343,72.7
1727810563.9647973,72.7
1727810564.1290238,76.6
1727810564.2448895,76.6
1727810564.413988,90.1
1727810564.5712335,90.1
1727810564.7319336,83.8
1727810564.902842,79.1
1727810565.0153852,79.1
1727810565.1283772,91.0
1727810565.2919116,91.0
1727810565.4050975,81.8
1727810565.5617797,81.8
1727810565.7202535,96.5
1727810565.8362715,107.0
1727810565.9530573,107.0
1727810566.1180365,104.8
1727810566.2758436,104.8
1727810566.3923187,109.0
1727810566.5077257,109.0
1727810566.661579,114.5
1727810566.8324087,114.5
1727810566.9470744,114.3
1727810567.103425,126.3
1727810567.26869,126.3
1727810567.3850298,132.9
1727810567.551499,132.9
1727810567.707874,130.3
1727810567.8778548,140.3
1727810568.0330563,140.3
1727810568.1872838,149.1
1727810568.3039925,149.1
1727810568.4207637,153.6
1727810568.5375218,153.6
1727810568.650362,167.6
1727810568.7674022,167.6
1727810568.9305143,174.7
1727810569.0877883,174.7
1727810569.2005522,178.1
1727810569.3152893,179.2
1727810569.482372,179.2
1727810569.6527274,191.9
1727810569.7687764,191.9
1727810569.939288,193.5
1727810570.0953581,193.5
1727810570.207521,209.2
1727810570.364101,211.3
1727810570.5176828,211.3
1727810570.6822426,224.4
1727810570.7949088,224.4
1727810570.9525168,230.6
1727810571.1110964,235.4
1727810571.271277,235.4
1727810571.4269235,251.6
1727810571.5844746,251.6
1727810571.7549882,258.7
1727810571.919415,261.3
1727810572.0746636,261.3
1727810572.2345705,292.2
1727810572.3509521,293.0
1727810572.5178041,293.0
1727810572.6719115,305.9
1727810572.8290422,305.9
1727810572.946114,318.8
1727810573.110986,341.8
1727810573.2270792,341.8
1727810573.3910043,345.5
1727810573.5067792,345.5
1727810573.6608336,373.9
1727810573.818597,373.9
1727810573.9301686,383.3
1727810574.0414085,383.3
1727810574.1979747,416.5
1727810574.310652,444.8
1727810574.4682362,444.8
1727810574.6254313,489.1
1727810574.7375667,489.1
1727810574.8926694,509.4
1727810575.0040262,509.4
1727810575.1615777,543.0
1727810575.3231254,543.0
1727810575.4796512,583.6
1727810575.6385527,616.6
1727810575.7953117,616.6
1727810575.9118524,656.2
1727810576.0277922,656.2
1727810576.1884515,683.8
1727810576.3606749,683.8
1727810576.5202947,737.5
1727810576.6324794,771.4
1727810576.7993624,771.4
1727810576.9700596,812.1
1727810577.125803,838.4
1727810577.2423828,838.4
1727810577.358993,868.1
1727810577.5141454,868.1
1727810577.6690633,895.6
1727810577.8276293,895.6
1727810577.9859164,920.0
1727810578.1007576,937.3
1727810578.2172654,937.3
1727810578.3781562,959.0
1727810578.5375772,959.0
1727810578.6508417,966.4
1727810578.8207965,966.4
1727810578.9368289,975.8
1727810579.1054966,975.8
1727810579.221188,980.6
1727810579.3374634,995.3
1727810579.4502304,995.3
1727810579.6147244,991.3
1727810579.7305923,991.3
1727810579.8971176,1000.6
1727810580.0519183,1000.6
1727810580.1679697,991.3
1727810580.2841218,991.3
1727810580.4005427,990.5
1727810580.5668828,990.5
1727810580.6827078,1001.8
1727810580.8000386,1001.8
1727810580.916107,1001.9
1727810581.029883,1001.9
1727810581.1428251,1007.4
1727810581.2594197,1007.4
1727810581.4246867,1002.7
1727810581.585395,1002.7
1727810581.702133,1015.1
1727810581.8185754,999.9
1727810581.9788291,999.9
1727810582.136769,1010.5
1727810582.2528653,1010.5
1727810582.4229457,1002.3
1727810582.5864503,1002.3
1727810582.7430596,1005.1
1727810582.8986175,997.8
1727810583.055579,997.8
1727810583.1735816,1031.8
1727810583.3356667,1031.8
1727810583.4930959,1015.5
1727810583.6078908,1029.2
1727810583.724615,1029.2
1727810583.8844311,1017.6
1727810584.0403664,1017.6
1727810584.1971855,1020.7
1727810584.3137674,1024.8
1727810584.4303408,1024.8
1727810584.586578,1024.8
1727810584.7520273,1027.0
1727810584.8657217,1027.0
1727810584.9775374,1027.0
1727810585.0927975,1034.2
1727810585.2090616,1034.2
1727810585.3258958,1033.4
1727810585.4415765,1033.4
1727810585.6054554,1033.4
1727810585.7207038,1034.3
1727810585.836177,1022.2
1727810585.9961472,1022.2
1727810586.1537316,1023.2
1727810586.2700603,1023.2
1727810586.4266696,1029.6
1727810586.5844736,1029.6
1727810586.7009547,1039.4
1727810586.8174443,1042.8
1727810586.9794364,1042.8
1727810587.1375973,1037.6
1727810587.2541788,1037.6
1727810587.4147794,1037.4
1727810587.572334,1037.4
1727810587.6878185,1039.4
1727810587.8516724,1039.4
1727810588.020966,1044.9
1727810588.1377833,1037.5
1727810588.30251,1037.5
1727810588.4146724,1040.1
1727810588.5305152,1040.1
1727810588.6448176,1032.4
1727810588.7593086,1032.4
1727810588.918233,1055.2
1727810589.031435,1055.2
1727810589.1480014,1053.8
1727810589.2651863,1053.8
1727810589.4214303,1050.0
1727810589.5878263,1050.0
1727810589.7425656,1045.2
1727810589.8548894,1049.1
1727810590.0124888,1049.1
1727810590.1251938,1058.0
1727810590.2378948,1058.0
1727810590.3502183,1061.2
1727810590.46227,1061.2
1727810590.6284788,1059.7
1727810590.7399101,1059.7
1727810590.8940256,1058.6
1727810591.0528865,1058.6
1727810591.209174,1060.3
1727810591.320899,1059.8
1727810591.4794867,1059.8
1727810591.5925555,1075.5
1727810591.7048016,1075.5
1727810591.8205225,1070.3
1727810591.9364038,1070.3
1727810592.0971634,1070.3
1727810592.2537303,1076.7
1727810592.3706107,1081.9
1727810592.4875448,1081.9
1727810592.6476953,1089.6
1727810592.762965,1089.6
1727810592.8753548,1089.2
1727810593.0440543,1089.2
1727810593.2001357,1089.4
1727810593.3715894,1096.2
1727810593.487835,1096.2
1727810593.6453092,1102.1
1727810593.7616582,1102.1
1727810593.9264064,1089.4
1727810594.0399876,1089.4
1727810594.1961327,1119.3
1727810594.3521488,1105.6
1727810594.4671593,1105.6
1727810594.5827637,1105.3
1727810594.697606,1105.3
1727810594.8541138,1105.9
1727810594.9687781,1105.9
1727810595.0830715,1109.9
1727810595.1987264,1109.9
1727810595.3146012,1106.6
1727810595.427842,1106.6
1727810595.5946186,1106.6
1727810595.710457,1112.9
1727810595.8249242,1105.2
1727810595.9413934,1105.2
1727810596.0568051,1105.2
1727810596.1733692,1113.0
1727810596.341009,1113.0
1727810596.4571905,1112.6
1727810596.5747173,1106.0
1727810596.73432,1106.0
1727810596.8508856,1112.0
1727810597.014112,1112.0
1727810597.1713362,1107.4
1727810597.32844,1107.4
1727810597.4873934,1111.9
1727810597.6570902,1100.1
1727810597.7741072,1100.1
1727810597.889067,1098.8
1727810598.0496757,1098.8
1727810598.2074463,1100.1
1727810598.3697286,1098.5
1727810598.486437,1098.5
1727810598.6495752,1091.4
1727810598.764347,1091.4
1727810598.8809047,1083.6
1727810598.9941928,1083.6
1727810599.14851,1087.8
1727810599.3059762,1087.8
1727810599.4232628,1089.8
1727810599.585393,1089.8
1727810599.7016673,1079.0
1727810599.8177843,1085.4
1727810599.9848096,1085.4
1727810600.1466262,1075.7
1727810600.304068,1075.7
1727810600.4194298,1081.2
1727810600.5354996,1081.2
1727810600.6975768,1069.0
1727810600.8126125,1075.7
1727810600.9291065,1075.7
1727810601.0839596,1075.7
1727810601.2401752,1064.0
1727810601.3970847,1084.9
1727810601.5136116,1084.9
1727810601.6263895,1077.9
1727810601.7846658,1077.9
1727810601.9464998,1074.8
1727810602.1026368,1073.8
1727810602.2143111,1073.8
1727810602.3314657,1082.5
1727810602.4478714,1082.5
1727810602.6083467,1076.1
1727810602.7638814,1076.1
1727810602.8806763,1069.4
1727810602.9935424,1069.4
1727810603.1516497,1079.3
1727810603.2683506,1079.3
1727810603.4317408,1079.7
1727810603.5899806,1079.7
1727810603.7060332,1086.0
1727810603.822598,1075.6
1727810603.939297,1075.6
1727810604.1022036,1075.6
1727810604.2177484,1097.4
1727810604.3862767,1084.7
1727810604.5472698,1084.7
1727810604.7029822,1095.0
1727810604.819835,1079.1
1727810604.9363635,1079.1
1727810605.0978377,1079.1
1727810605.2123027,1083.3
1727810605.3808324,1089.5
1727810605.552048,1089.5
1727810605.6646497,1089.4
1727810605.7766376,1089.4
1727810605.9287002,1085.4
1727810606.0404232,1085.4
1727810606.1980014,1090.9
1727810606.3575745,1092.3
1727810606.5099626,1092.3
1727810606.6210318,1090.8
1727810606.7856147,1090.8
1727810606.89764,1086.0
1727810607.0566459,1086.0
1727810607.1683471,1098.6
1727810607.2790716,1098.6
1727810607.436034,1089.4
1727810607.5919976,1089.4
1727810607.752828,1094.8
1727810607.8695421,1104.8
1727810608.0321333,1104.8
1727810608.1876526,1106.1
1727810608.3036397,1106.1
1727810608.416123,1108.1
1727810608.5317411,1108.1
1727810608.6883314,1101.1
1727810608.8044474,1101.1
1727810608.9211285,1099.2
1727810609.035828,1099.2
1727810609.148433,1111.0
1727810609.3151221,1111.0
1727810609.4315686,1115.7
1727810609.596621,1115.7
1727810609.7537446,1110.9
1727810609.914097,1116.3
1727810610.0701253,1116.3
1727810610.22783,1121.8
1727810610.3878307,1123.2
1727810610.5037034,1123.2
1727810610.6171863,1115.0
1727810610.7331367,1115.0
1727810610.9010742,1119.9
1727810611.0138986,1119.9
1727810611.1260183,1115.9
1727810611.2875016,1115.9
1727810611.4500103,1125.0
1727810611.5664194,1110.1
1727810611.6800802,1110.1
1727810611.8451622,1110.1
1727810612.0155816,1109.8
1727810612.1722655,1119.4
1727810612.328333,1119.4
1727810612.4451904,1122.7
1727810612.6020563,1116.9
1727810612.7178025,1116.9
1727810612.8720732,1111.6
1727810612.9861743,1111.6
1727810613.152601,1121.2
1727810613.3118145,1121.2
1727810613.4679213,1124.2
1727810613.6282246,1121.6
1727810613.74445,1121.6
1727810613.9156604,1109.7
1727810614.086413,1109.7
1727810614.203525,1114.8
1727810614.3203206,1117.5
1727810614.4363694,1117.5
1727810614.5534866,1117.5
1727810614.7188826,1109.6
1727810614.8835778,1100.4
1727810614.9965465,1100.4
1727810615.1136863,1108.2
1727810615.2756298,1108.2
1727810615.444405,1109.9
1727810615.5610228,1096.0
1727810615.677703,1096.0
1727810615.834114,1096.0
1727810615.9498963,1107.6
1727810616.108498,1106.2
1727810616.264674,1106.2
1727810616.4363232,1095.6
1727810616.59711,1095.6
1727810616.7136123,1109.9
1727810616.8311715,1098.7
1727810616.9492893,1098.7
1727810617.0637734,1113.2
1727810617.2229385,1113.2
1727810617.3804252,1106.8
1727810617.4959621,1106.8
1727810617.6088002,1110.1
1727810617.770041,1110.1
1727810617.9257104,1113.5
1727810618.0380917,1113.5
1727810618.2066488,1104.8
1727810618.3234975,1113.7
1727810618.4368527,1113.7
1727810618.5536041,1113.7
1727810618.668907,1115.7
1727810618.7858026,1115.7
1727810618.951462,1117.9
1727810619.0664241,1121.5
1727810619.2313569,1121.5
1727810619.4020586,1106.6
1727810619.518551,1106.6
1727810619.6759603,1103.2
1727810619.7894437,1103.2
1727810619.904942,1111.7
1727810620.0740523,1111.7
1727810620.231009,1119.1
1727810620.3476198,1112.0
1727810620.4644513,1112.0
1727810620.6257071,1116.8
1727810620.784992,1116.8
1727810620.9395776,1124.7
1727810621.1034932,1124.7
1727810621.2666824,1111.2
1727810621.3835075,1107.0
1727810621.5449455,1107.0
1727810621.65637,1105.9
1727810621.824797,1105.9
1727810621.9813468,1111.0
1727810622.139944,1100.0
1727810622.2526202,1100.0
1727810622.3639808,1113.6
1727810622.4749334,1113.6
1727810622.587072,1106.4
1727810622.7421107,1106.4
1727810622.901057,1101.7
1727810623.012874,1101.7
1727810623.1691258,1094.6
1727810623.327702,1094.6
1727810623.439963,1105.4
1727810623.551957,1105.4
1727810623.709497,1108.0
1727810623.8255055,1107.9
1727810623.9418073,1107.9
1727810624.0568109,1107.9
1727810624.1713035,1109.1
1727810624.3364472,1109.1
1727810624.5012066,1110.3
1727810624.6574457,1105.7
1727810624.8188653,1105.7
1727810624.9727545,1110.3
1727810625.1298242,1105.7
1727810625.2863314,1105.7
1727810625.4447162,1095.7
1727810625.5607498,1086.1
1727810625.7293537,1086.1
1727810625.845504,1071.2
1727810626.0126398,1071.2
1727810626.1702852,1068.4
1727810626.2872238,1068.4
1727810626.4045477,1053.2
1727810626.519891,1053.2
1727810626.6751943,1052.0
1727810626.7900732,1052.0
1727810626.9065444,1039.3
1727810627.0230653,1039.3
1727810627.1365252,1036.9
1727810627.3016388,1036.9
1727810627.41822,1025.5
1727810627.5359502,1025.5
1727810627.6489477,1027.2
1727810627.8174958,1027.2
1727810627.9302692,1021.5
1727810628.046211,1021.5
1727810628.2065005,1025.1
1727810628.3687122,1018.6
1727810628.4831107,1018.6
1727810628.5990212,1022.4
1727810628.7575274,1022.4
1727810628.9161375,1019.0
1727810629.0699575,1019.0
1727810629.2353437,1020.1
1727810629.35233,1022.7
1727810629.5146124,1022.7
1727810629.669543,1023.9
1727810629.7812352,1023.9
1727810629.8939152,1018.9
1727810630.0512025,1018.9
1727810630.2066982,1023.1
1727810630.3664002,1021.3
